{"count":1,"self":393.09460479999996,"total":395.4196394,"children":{"InitializeActuators":{"count":1,"self":0.0009989,"total":0.0009989,"children":null},"InitializeSensors":{"count":1,"self":0.00099969999999999985,"total":0.00099969999999999985,"children":null},"AgentSendState":{"count":19520,"self":0.10253939999999999,"total":0.17085329999999999,"children":{"CollectObservations":{"count":3904,"self":0.029530599999999997,"total":0.029530599999999997,"children":null},"WriteActionMask":{"count":3904,"self":0.012560499999999999,"total":0.012560499999999999,"children":null},"RequestDecision":{"count":3904,"self":0.026222799999999998,"total":0.026222799999999998,"children":null}}},"DecideAction":{"count":19520,"self":1.9556494,"total":1.9556494,"children":null},"AgentAct":{"count":19520,"self":0.1965259,"total":0.1965259,"children":null}},"gauges":{"Move To Target.CumulativeReward":{"count":76,"max":422.128632,"min":347.794678,"runningAverage":389.698853,"value":395.757355,"weightedAverage":401.9362}},"metadata":{"timer_format_version":"0.1.0","start_time_seconds":"1708783289","unity_version":"2022.3.17f1","command_line_arguments":"C:\\Program Files\\Unity\\Hub\\Editor\\2022.3.17f1\\Editor\\Unity.exe -projectpath C:\\Users\\Vladimir\\Unity_Projects\\Lunar Lander -useHub -hubIPC -cloudEnvironment production -licensingIpc LicenseClient-Vladimir -hubSessionId bd349f13-24a0-467f-b0bc-6d6c2bf32b55 -accessToken Npmy7NWinmVcbU9UXjpj_CuRJ2oiVcrDO5sYWLBgSoE003f","communication_protocol_version":"1.5.0","com.unity.ml-agents_version":"2.0.1","scene_name":"SampleScene","end_time_seconds":"1708783685"}}